orderId,item_id,user_id,date,rating_item
7088,8507,5328,2024-09-01,Dislike
7088,314,5328,2024-09-01,Like
7088,1757,5328,2024-09-01,Like
7088,9079,5328,2024-09-01,Like
7088,5416,5328,2024-09-01,Like
7088,220,5328,2024-09-01,Dislike
77176,5851,7796,2024-05-26,Like
77176,1138,7796,2024-05-26,Like
77176,2783,7796,2024-05-26,Like
256702,8377,107,2024-10-03,Like
256702,2628,107,2024-10-03,Like
256702,1591,107,2024-10-03,Like
256702,5390,107,2024-10-03,Like
256702,4104,107,2024-10-03,Dislike
256702,5087,107,2024-10-03,Like
256702,8385,107,2024-10-03,Like
36929,8161,3342,2024-04-06,Like
36929,1585,3342,2024-04-06,Like
36929,5770,3342,2024-04-06,Dislike
36929,6670,3342,2024-04-06,Like
36929,4281,3342,2024-04-06,Like
36929,9605,3342,2024-04-06,Like
229687,2226,9115,2024-12-25,Dislike
229687,3539,9115,2024-12-25,Like
229687,4181,9115,2024-12-25,Like
229687,156,9115,2024-12-25,Dislike
229687,1681,9115,2024-12-25,Like
183926,6688,6320,2024-04-21,Like
183926,1794,6320,2024-04-21,Like
183926,5624,6320,2024-04-21,Like
183926,4260,6320,2024-04-21,Like
183926,6054,6320,2024-04-21,Dislike
80752,8434,8113,2024-11-27,Like
80752,5171,8113,2024-11-27,Like
80752,5655,8113,2024-11-27,Like
237649,2800,2438,2024-01-13,Like
237649,3273,2438,2024-01-13,Dislike
237649,7927,2438,2024-01-13,Dislike
237649,8454,2438,2024-01-13,Like
237649,7694,2438,2024-01-13,Like
237649,1843,2438,2024-01-13,Like
237649,5649,2438,2024-01-13,Like
239435,1334,727,2024-08-08,Like
239435,6602,727,2024-08-08,Like
67217,7432,343,2024-07-24,Like
67217,7749,343,2024-07-24,Like
67217,3659,343,2024-07-24,Like
67217,627,343,2024-07-24,Dislike
23943,4074,465,2024-04-21,Dislike
23943,4589,465,2024-04-21,Dislike
23943,6387,465,2024-04-21,Like
66895,7168,8323,2024-11-10,Dislike
66895,8543,8323,2024-11-10,Like
66895,878,8323,2024-11-10,Like
66895,8966,8323,2024-11-10,Dislike
66895,2496,8323,2024-11-10,Like
159753,6737,8003,2024-02-13,Like
159753,1185,8003,2024-02-13,Dislike
159753,7341,8003,2024-02-13,Dislike
159753,1789,8003,2024-02-13,Dislike
56382,7334,9890,2024-09-01,Like
56382,113,9890,2024-09-01,Dislike
56382,5409,9890,2024-09-01,Like
56382,3663,9890,2024-09-01,Like
56382,772,9890,2024-09-01,Like
253659,5108,6245,2024-07-01,Dislike
253659,2524,6245,2024-07-01,Like
253659,5328,6245,2024-07-01,Like
150718,9408,88,2024-07-13,Dislike
150718,366,88,2024-07-13,Like
150718,9093,88,2024-07-13,Like
150718,2252,88,2024-07-13,Like
150718,7995,88,2024-07-13,Like
150718,8945,88,2024-07-13,Dislike
10759,259,1727,2024-03-11,Like
10759,3019,1727,2024-03-11,Like
10759,4217,1727,2024-03-11,Dislike
53648,1794,7683,2024-09-22,Like
53648,6054,7683,2024-09-22,Dislike
53648,5893,7683,2024-09-22,Like
53648,6688,7683,2024-09-22,Like
130379,5566,9116,2024-07-17,Dislike
130379,1460,9116,2024-07-17,Dislike
130379,8497,9116,2024-07-17,Like
14032,179,8351,2024-09-25,Like
14032,9102,8351,2024-09-25,Like
14032,8668,8351,2024-09-25,Like
14032,7135,8351,2024-09-25,Dislike
14032,2611,8351,2024-09-25,Like
14032,9755,8351,2024-09-25,Like
124143,3612,2677,2024-08-26,Like
124143,7082,2677,2024-08-26,Like
124143,7602,2677,2024-08-26,Like
87340,8048,2459,2024-07-26,Like
87340,9953,2459,2024-07-26,Dislike
87340,4137,2459,2024-07-26,Dislike
87340,9792,2459,2024-07-26,Like
87340,6487,2459,2024-07-26,Dislike
87340,8039,2459,2024-07-26,Like
87340,5517,2459,2024-07-26,Like
162253,5682,8090,2024-12-16,Like
162253,7038,8090,2024-12-16,Like
162253,4942,8090,2024-12-16,Like
162253,2687,8090,2024-12-16,Like
98340,2467,9955,2024-11-07,Like
98340,2434,9955,2024-11-07,Like
98340,9419,9955,2024-11-07,Dislike
98340,5065,9955,2024-11-07,Like
98340,3449,9955,2024-11-07,Like
295607,2554,4459,2024-01-06,Like
295607,6108,4459,2024-01-06,Like
295607,1426,4459,2024-01-06,Like
295607,3931,4459,2024-01-06,Like
295607,3550,4459,2024-01-06,Like
295607,227,4459,2024-01-06,Like
295607,4342,4459,2024-01-06,Like
175201,2584,2896,2024-08-11,Like
175201,2206,2896,2024-08-11,Like
175201,456,2896,2024-08-11,Like
175201,4733,2896,2024-08-11,Like
175201,9424,2896,2024-08-11,Dislike
230261,2359,939,2024-02-29,Like
230261,4837,939,2024-02-29,Like
230261,7087,939,2024-02-29,Like
199204,5723,6923,2024-08-21,Dislike
199204,9370,6923,2024-08-21,Dislike
199204,3424,6923,2024-08-21,Like
99994,6257,9114,2024-11-17,Like
99994,9033,9114,2024-11-17,Like
99994,572,9114,2024-11-17,Dislike
99994,4682,9114,2024-11-17,Dislike
99994,7152,9114,2024-11-17,Dislike
99994,4390,9114,2024-11-17,Like
99994,114,9114,2024-11-17,Like
158316,9485,4025,2024-06-24,Dislike
158316,5441,4025,2024-06-24,Like
158316,2130,4025,2024-06-24,Dislike
211178,9289,6130,2024-05-14,Dislike
211178,8339,6130,2024-05-14,Like
211178,1744,6130,2024-05-14,Like
211178,9522,6130,2024-05-14,Dislike
211178,9019,6130,2024-05-14,Like
59699,7774,620,2024-09-17,Dislike
59699,7372,620,2024-09-17,Like
59699,6967,620,2024-09-17,Dislike
59699,6089,620,2024-09-17,Like
206200,7044,7951,2024-02-11,Like
206200,1129,7951,2024-02-11,Like
206200,4536,7951,2024-02-11,Like
206200,1,7951,2024-02-11,Like
37023,5779,4111,2024-03-20,Like
37023,3328,4111,2024-03-20,Like
37023,5043,4111,2024-03-20,Like
37023,8560,4111,2024-03-20,Like
37023,2754,4111,2024-03-20,Like
37023,1256,4111,2024-03-20,Dislike
162063,6023,3578,2024-07-11,Like
162063,370,3578,2024-07-11,Like
162063,5275,3578,2024-07-11,Dislike
162063,7745,3578,2024-07-11,Dislike
155365,6371,9866,2024-12-04,Like
155365,3015,9866,2024-12-04,Like
155365,2546,9866,2024-12-04,Like
155365,8141,9866,2024-12-04,Dislike
155365,7599,9866,2024-12-04,Like
155365,2093,9866,2024-12-04,Like
155365,5557,9866,2024-12-04,Like
260249,8870,5902,2024-07-03,Like
260249,2257,5902,2024-07-03,Dislike
260249,4899,5902,2024-07-03,Dislike
260249,9204,5902,2024-07-03,Like
246557,7183,9313,2024-11-19,Dislike
246557,29,9313,2024-11-19,Like
246557,9237,9313,2024-11-19,Like
246557,7971,9313,2024-11-19,Like
246557,9998,9313,2024-11-19,Like
246557,9855,9313,2024-11-19,Like
246557,6549,9313,2024-11-19,Like
27944,5773,183,2024-10-20,Dislike
27944,4667,183,2024-10-20,Like
27944,841,183,2024-10-20,Like
27944,4676,183,2024-10-20,Dislike
27944,6862,183,2024-10-20,Like
210928,3721,8866,2024-08-10,Like
210928,4415,8866,2024-08-10,Like
284525,9623,415,2024-03-14,Dislike
284525,259,415,2024-03-14,Dislike
284525,6040,415,2024-03-14,Like
138149,4225,7245,2024-09-14,Dislike
138149,4607,7245,2024-09-14,Like
138149,4681,7245,2024-09-14,Like
138149,8324,7245,2024-09-14,Dislike
138149,3204,7245,2024-09-14,Dislike
281918,277,4057,2024-10-01,Like
281918,4813,4057,2024-10-01,Like
165079,7343,7838,2024-12-07,Dislike
165079,5015,7838,2024-12-07,Like
165079,1909,7838,2024-12-07,Dislike
128190,1323,7895,2024-12-18,Dislike
128190,2297,7895,2024-12-18,Dislike
128190,4506,7895,2024-12-18,Like
128190,6307,7895,2024-12-18,Dislike
210396,8303,6332,2024-01-12,Like
210396,2350,6332,2024-01-12,Like
210396,5759,6332,2024-01-12,Dislike
210396,2968,6332,2024-01-12,Dislike
210396,4119,6332,2024-01-12,Like
210396,4178,6332,2024-01-12,Like
48893,47,9626,2024-11-27,Dislike
48893,5496,9626,2024-11-27,Like
57826,8440,3730,2024-12-18,Like
57826,5138,3730,2024-12-18,Like
57826,8499,3730,2024-12-18,Like
57826,1713,3730,2024-12-18,Like
167892,5006,4222,2024-08-26,Dislike
167892,7755,4222,2024-08-26,Like
167892,9937,4222,2024-08-26,Like
167892,8243,4222,2024-08-26,Dislike
167892,1283,4222,2024-08-26,Like
167892,3281,4222,2024-08-26,Like
34569,3927,9402,2024-08-15,Like
34569,8179,9402,2024-08-15,Like
34569,4458,9402,2024-08-15,Like
130445,1873,8929,2024-06-04,Like
130445,3088,8929,2024-06-04,Dislike
58562,6960,5548,2024-06-22,Like
58562,7465,5548,2024-06-22,Like
58562,6702,5548,2024-06-22,Like
58562,6742,5548,2024-06-22,Like
58562,2768,5548,2024-06-22,Like
217075,8992,3722,2024-07-27,Like
217075,9274,3722,2024-07-27,Like
217075,53,3722,2024-07-27,Dislike
217075,7672,3722,2024-07-27,Like
217075,2675,3722,2024-07-27,Dislike
217075,5055,3722,2024-07-27,Like
156245,5627,1224,2024-10-01,Like
156245,8424,1224,2024-10-01,Like
93313,152,759,2024-11-23,Like
93313,8884,759,2024-11-23,Like
93313,5586,759,2024-11-23,Dislike
93313,6863,759,2024-11-23,Dislike
101930,3923,2465,2024-01-22,Like
101930,7312,2465,2024-01-22,Dislike
81944,9166,3007,2024-11-18,Dislike
81944,2740,3007,2024-11-18,Like
129925,7217,3036,2024-02-20,Like
129925,8536,3036,2024-02-20,Dislike
129925,3393,3036,2024-02-20,Like
129925,9876,3036,2024-02-20,Like
50759,8503,5056,2024-03-22,Like
50759,5326,5056,2024-03-22,Like
50759,9269,5056,2024-03-22,Like
50759,9728,5056,2024-03-22,Like
50759,3844,5056,2024-03-22,Like
50759,3060,5056,2024-03-22,Like
286382,1466,5650,2024-05-23,Like
286382,1516,5650,2024-05-23,Like
286382,7088,5650,2024-05-23,Like
286382,1751,5650,2024-05-23,Like
206160,4046,1814,2024-01-11,Like
206160,9645,1814,2024-01-11,Like
235073,4494,3711,2024-05-17,Like
235073,6003,3711,2024-05-17,Like
239024,2038,6800,2024-04-05,Like
239024,1217,6800,2024-04-05,Dislike
239024,4256,6800,2024-04-05,Like
239024,2269,6800,2024-04-05,Dislike
239024,4587,6800,2024-04-05,Like
239024,9848,6800,2024-04-05,Like
239024,9195,6800,2024-04-05,Like
18362,9027,3703,2024-03-06,Like
18362,2649,3703,2024-03-06,Like
18362,7919,3703,2024-03-06,Dislike
18362,6146,3703,2024-03-06,Like
259874,6833,4499,2024-01-24,Like
259874,9804,4499,2024-01-24,Like
259874,4289,4499,2024-01-24,Like
643,4836,882,2024-09-16,Like
643,4955,882,2024-09-16,Like
643,8640,882,2024-09-16,Like
643,1093,882,2024-09-16,Like
219251,8357,1520,2024-03-07,Like
219251,5489,1520,2024-03-07,Like
274342,1016,1870,2024-10-31,Dislike
274342,4932,1870,2024-10-31,Like
274342,3940,1870,2024-10-31,Dislike
274342,2312,1870,2024-10-31,Dislike
274342,8627,1870,2024-10-31,Like
155047,6433,7139,2024-01-22,Like
155047,8137,7139,2024-01-22,Dislike
155047,9177,7139,2024-01-22,Like
155047,8042,7139,2024-01-22,Like
155047,9557,7139,2024-01-22,Dislike
23646,8389,874,2024-09-07,Dislike
23646,7221,874,2024-09-07,Like
23646,5533,874,2024-09-07,Dislike
23646,6023,874,2024-09-07,Like
23646,5568,874,2024-09-07,Like
23646,370,874,2024-09-07,Dislike
46841,8423,3895,2024-11-23,Dislike
46841,60,3895,2024-11-23,Like
46841,4453,3895,2024-11-23,Like
284427,1426,8147,2024-08-08,Like
284427,7195,8147,2024-08-08,Like
52015,5097,3669,2024-06-15,Like
52015,5269,3669,2024-06-15,Like
52015,7802,3669,2024-06-15,Dislike
52015,7955,3669,2024-06-15,Dislike
230546,9796,2409,2024-11-07,Like
230546,2452,2409,2024-11-07,Dislike
230546,9347,2409,2024-11-07,Dislike
230546,5911,2409,2024-11-07,Dislike
230546,392,2409,2024-11-07,Dislike
230546,650,2409,2024-11-07,Dislike
230546,3250,2409,2024-11-07,Like
266965,7254,2831,2024-08-27,Like
266965,3963,2831,2024-08-27,Like
185374,1850,3241,2024-02-06,Like
185374,8573,3241,2024-02-06,Like
185374,8406,3241,2024-02-06,Like
78412,1257,5552,2024-12-03,Like
78412,1421,5552,2024-12-03,Like
78412,4078,5552,2024-12-03,Like
78412,1730,5552,2024-12-03,Like
294297,3849,5916,2024-07-13,Like
294297,2471,5916,2024-07-13,Like
294297,9757,5916,2024-07-13,Dislike
294776,950,6825,2024-07-25,Dislike
294776,1521,6825,2024-07-25,Like
294776,3486,6825,2024-07-25,Dislike
294776,3560,6825,2024-07-25,Dislike
260245,8731,7421,2024-11-18,Like
260245,3591,7421,2024-11-18,Like
260245,8753,7421,2024-11-18,Like
103067,6801,4633,2024-04-30,Like
103067,1999,4633,2024-04-30,Dislike
103067,5173,4633,2024-04-30,Like
103067,5096,4633,2024-04-30,Like
103067,8241,4633,2024-04-30,Like
103067,1041,4633,2024-04-30,Dislike
207670,1405,4026,2024-09-02,Like
207670,7671,4026,2024-09-02,Like
77230,1416,9952,2024-08-03,Like
77230,8974,9952,2024-08-03,Dislike
77230,6698,9952,2024-08-03,Like
77230,9700,9952,2024-08-03,Dislike
140585,7020,5745,2024-04-02,Dislike
140585,2519,5745,2024-04-02,Like
140585,9,5745,2024-04-02,Dislike
140585,8699,5745,2024-04-02,Like
140585,4952,5745,2024-04-02,Like
178008,5182,7858,2024-12-07,Like
178008,6347,7858,2024-12-07,Like
178008,9487,7858,2024-12-07,Dislike
178008,2390,7858,2024-12-07,Dislike
178008,7460,7858,2024-12-07,Like
57950,1096,6168,2024-02-24,Dislike
57950,177,6168,2024-02-24,Like
57950,4795,6168,2024-02-24,Dislike
270458,6456,182,2024-08-10,Like
270458,6815,182,2024-08-10,Dislike
270458,9190,182,2024-08-10,Like
270458,6775,182,2024-08-10,Like
270458,1341,182,2024-08-10,Like
270458,7072,182,2024-08-10,Like
270458,8405,182,2024-08-10,Like
56193,6286,417,2024-06-06,Dislike
56193,8748,417,2024-06-06,Dislike
56193,2368,417,2024-06-06,Like
56193,4955,417,2024-06-06,Like
56193,4109,417,2024-06-06,Dislike
56193,4836,417,2024-06-06,Dislike
56193,4445,417,2024-06-06,Like
19349,2870,4154,2024-09-07,Like
19349,7574,4154,2024-09-07,Like
19349,5019,4154,2024-09-07,Like
19349,8851,4154,2024-09-07,Like
19349,2886,4154,2024-09-07,Like
19349,2592,4154,2024-09-07,Dislike
172028,9573,6427,2024-08-29,Dislike
172028,3128,6427,2024-08-29,Like
172028,9857,6427,2024-08-29,Like
172028,4128,6427,2024-08-29,Dislike
172028,644,6427,2024-08-29,Dislike
154655,8528,3845,2024-08-18,Dislike
154655,74,3845,2024-08-18,Dislike
238594,904,2107,2024-11-10,Like
238594,2008,2107,2024-11-10,Dislike
238594,7201,2107,2024-11-10,Like
238594,9410,2107,2024-11-10,Like
238594,9013,2107,2024-11-10,Like
238594,203,2107,2024-11-10,Dislike
238594,6293,2107,2024-11-10,Like
285280,4090,2686,2024-02-26,Like
285280,2017,2686,2024-02-26,Dislike
285280,1398,2686,2024-02-26,Dislike
285280,5502,2686,2024-02-26,Like
285280,1691,2686,2024-02-26,Like
285280,7968,2686,2024-02-26,Like
99292,3505,631,2024-11-19,Like
99292,1741,631,2024-11-19,Dislike
99292,1073,631,2024-11-19,Dislike
270001,6639,1925,2024-08-04,Dislike
270001,8997,1925,2024-08-04,Like
270001,7014,1925,2024-08-04,Like
217432,1733,5119,2024-09-25,Like
217432,1953,5119,2024-09-25,Like
217432,8981,5119,2024-09-25,Like
217432,4962,5119,2024-09-25,Dislike
217432,532,5119,2024-09-25,Like
217432,3210,5119,2024-09-25,Dislike
219122,8053,7256,2024-01-31,Like
219122,1920,7256,2024-01-31,Dislike
219122,6383,7256,2024-01-31,Like
219122,6694,7256,2024-01-31,Like
219122,9837,7256,2024-01-31,Like
147332,6647,7934,2024-07-01,Dislike
147332,1192,7934,2024-07-01,Dislike
147332,7370,7934,2024-07-01,Like
17132,9434,5823,2024-04-08,Dislike
17132,1,5823,2024-04-08,Dislike
17132,2808,5823,2024-04-08,Dislike
17132,7044,5823,2024-04-08,Like
17132,4683,5823,2024-04-08,Like
17132,8030,5823,2024-04-08,Like
17132,1129,5823,2024-04-08,Like
15131,2441,701,2024-11-28,Like
15131,3905,701,2024-11-28,Like
15131,232,701,2024-11-28,Like
15131,1441,701,2024-11-28,Like
15131,3353,701,2024-11-28,Like
15131,2609,701,2024-11-28,Like
179937,8098,2798,2024-08-09,Like
179937,219,2798,2024-08-09,Like
179937,6317,2798,2024-08-09,Like
179937,3995,2798,2024-08-09,Like
212271,9746,1318,2024-06-01,Like
212271,7610,1318,2024-06-01,Dislike
212271,2498,1318,2024-06-01,Like
212271,6691,1318,2024-06-01,Like
212271,1828,1318,2024-06-01,Dislike
212271,1234,1318,2024-06-01,Dislike
212271,917,1318,2024-06-01,Dislike
139524,4947,2816,2024-02-07,Dislike
139524,4800,2816,2024-02-07,Like
139524,3123,2816,2024-02-07,Like
139524,3610,2816,2024-02-07,Dislike
139524,8531,2816,2024-02-07,Like
139524,4634,2816,2024-02-07,Like
139524,4369,2816,2024-02-07,Like
138666,4822,9373,2024-04-11,Like
138666,8279,9373,2024-04-11,Like
138666,9515,9373,2024-04-11,Like
138666,5930,9373,2024-04-11,Like
30322,9265,6818,2024-09-11,Like
30322,5153,6818,2024-09-11,Like
30322,6345,6818,2024-09-11,Like
30322,7401,6818,2024-09-11,Like
30322,7838,6818,2024-09-11,Like
289091,2056,5854,2024-11-14,Like
289091,1550,5854,2024-11-14,Dislike
289091,3089,5854,2024-11-14,Like
289091,2140,5854,2024-11-14,Like
289091,290,5854,2024-11-14,Like
289091,4754,5854,2024-11-14,Like
289091,7342,5854,2024-11-14,Dislike
274575,5668,9240,2024-10-08,Dislike
274575,6757,9240,2024-10-08,Dislike
274575,7429,9240,2024-10-08,Like
274575,2058,9240,2024-10-08,Like
50876,5951,7327,2024-10-09,Like
50876,4995,7327,2024-10-09,Like
211553,3837,8496,2024-12-09,Like
211553,1575,8496,2024-12-09,Like
211553,7619,8496,2024-12-09,Like
211553,4909,8496,2024-12-09,Like
3194,9495,1070,2024-05-25,Dislike
3194,8924,1070,2024-05-25,Dislike
3194,5673,1070,2024-05-25,Like
3194,7850,1070,2024-05-25,Dislike
3194,1834,1070,2024-05-25,Like
3194,6929,1070,2024-05-25,Dislike
3194,2620,1070,2024-05-25,Like
219285,4192,4975,2024-10-10,Dislike
219285,1779,4975,2024-10-10,Like
219285,6330,4975,2024-10-10,Like
219285,9313,4975,2024-10-10,Dislike
219285,3510,4975,2024-10-10,Like
26066,1289,2884,2024-11-19,Like
26066,4723,2884,2024-11-19,Like
26066,9570,2884,2024-11-19,Like
26066,5195,2884,2024-11-19,Like
98000,3160,8339,2024-02-29,Dislike
98000,6303,8339,2024-02-29,Like
98000,8712,8339,2024-02-29,Like
98000,7144,8339,2024-02-29,Dislike
98000,3782,8339,2024-02-29,Dislike
98000,834,8339,2024-02-29,Like
140177,4154,886,2024-12-06,Like
140177,7222,886,2024-12-06,Dislike
140177,479,886,2024-12-06,Dislike
140177,9704,886,2024-12-06,Like
140177,8653,886,2024-12-06,Like
140177,2503,886,2024-12-06,Like
140177,815,886,2024-12-06,Dislike
93255,5933,145,2024-10-23,Dislike
93255,5815,145,2024-10-23,Like
93255,9158,145,2024-10-23,Dislike
93255,91,145,2024-10-23,Like
93255,8825,145,2024-10-23,Dislike
236654,8406,4385,2024-06-13,Like
236654,8014,4385,2024-06-13,Like
236654,7163,4385,2024-06-13,Dislike
236654,2883,4385,2024-06-13,Like
236654,4275,4385,2024-06-13,Like
236654,4574,4385,2024-06-13,Like
236654,8026,4385,2024-06-13,Like
136468,6694,8718,2024-12-03,Dislike
136468,8310,8718,2024-12-03,Dislike
136468,5718,8718,2024-12-03,Dislike
136468,8976,8718,2024-12-03,Like
136468,6300,8718,2024-12-03,Dislike
136468,2344,8718,2024-12-03,Like
136468,1920,8718,2024-12-03,Like
253805,3029,161,2024-12-07,Like
253805,3807,161,2024-12-07,Dislike
253805,7257,161,2024-12-07,Dislike
253805,8392,161,2024-12-07,Like
253805,2623,161,2024-12-07,Like
253805,1898,161,2024-12-07,Dislike
77344,9144,8554,2024-08-22,Like
77344,3627,8554,2024-08-22,Like
77344,9589,8554,2024-08-22,Like
68757,4260,2559,2024-01-09,Like
68757,5893,2559,2024-01-09,Like
68757,5572,2559,2024-01-09,Like
76055,2940,509,2024-07-14,Like
76055,7509,509,2024-07-14,Like
76055,1480,509,2024-07-14,Dislike
76055,3976,509,2024-07-14,Like
266301,9826,6317,2024-12-09,Like
266301,1924,6317,2024-12-09,Like
266301,2039,6317,2024-12-09,Like
266301,4841,6317,2024-12-09,Dislike
152583,9906,1899,2024-09-22,Like
152583,9385,1899,2024-09-22,Dislike
152583,2721,1899,2024-09-22,Like
152583,1260,1899,2024-09-22,Dislike
157013,2280,2781,2024-08-19,Like
157013,4041,2781,2024-08-19,Like
17938,5017,22,2024-06-02,Dislike
17938,9345,22,2024-06-02,Like
17938,5128,22,2024-06-02,Like
17938,4821,22,2024-06-02,Like
17938,6556,22,2024-06-02,Like
17938,136,22,2024-06-02,Like
217826,8177,2744,2024-04-05,Dislike
217826,8151,2744,2024-04-05,Like
217826,2323,2744,2024-04-05,Dislike
217826,5396,2744,2024-04-05,Dislike
217826,70,2744,2024-04-05,Like
217826,8745,2744,2024-04-05,Dislike
217826,1186,2744,2024-04-05,Like
56787,7083,5171,2024-01-04,Like
56787,2082,5171,2024-01-04,Dislike
56787,6464,5171,2024-01-04,Like
61393,4639,221,2024-09-22,Like
61393,1348,221,2024-09-22,Like
61393,1913,221,2024-09-22,Dislike
61393,7502,221,2024-09-22,Like
61393,7339,221,2024-09-22,Dislike
61393,3525,221,2024-09-22,Dislike
61393,2437,221,2024-09-22,Dislike
261602,870,3444,2024-10-09,Dislike
261602,2025,3444,2024-10-09,Like
261602,1734,3444,2024-10-09,Like
261602,6306,3444,2024-10-09,Like
261602,3496,3444,2024-10-09,Dislike
261602,7937,3444,2024-10-09,Like
261602,3640,3444,2024-10-09,Like
178857,8558,1092,2024-09-11,Like
178857,1578,1092,2024-09-11,Like
51687,6116,5054,2024-09-27,Like
51687,9424,5054,2024-09-27,Dislike
278203,6371,194,2024-07-01,Dislike
278203,5342,194,2024-07-01,Like
278203,2546,194,2024-07-01,Like
18599,9037,5859,2024-09-30,Like
18599,7596,5859,2024-09-30,Like
18599,2159,5859,2024-09-30,Like
18599,8465,5859,2024-09-30,Like
18599,7349,5859,2024-09-30,Dislike
18599,5868,5859,2024-09-30,Dislike
201122,9750,6765,2024-07-09,Dislike
201122,8197,6765,2024-07-09,Like
201122,6727,6765,2024-07-09,Like
171663,2749,8642,2024-11-09,Like
171663,9063,8642,2024-11-09,Like
171663,8143,8642,2024-11-09,Dislike
171663,6175,8642,2024-11-09,Like
171663,3331,8642,2024-11-09,Like
171663,8381,8642,2024-11-09,Like
171663,8036,8642,2024-11-09,Like
191241,4762,5019,2024-05-11,Like
191241,9032,5019,2024-05-11,Like
191241,4311,5019,2024-05-11,Like
179247,7625,1457,2024-05-10,Dislike
179247,1203,1457,2024-05-10,Like
179247,9207,1457,2024-05-10,Like
179247,6764,1457,2024-05-10,Like
93605,7717,2928,2024-10-12,Like
93605,7534,2928,2024-10-12,Dislike
93605,4732,2928,2024-10-12,Dislike
93605,3391,2928,2024-10-12,Like
93605,6169,2928,2024-10-12,Like
34876,3390,6948,2024-05-11,Like
34876,1698,6948,2024-05-11,Like
34876,2594,6948,2024-05-11,Dislike
34876,6273,6948,2024-05-11,Like
34876,3196,6948,2024-05-11,Like
34876,7256,6948,2024-05-11,Like
34876,9814,6948,2024-05-11,Like
72887,5188,7712,2024-04-22,Dislike
72887,8750,7712,2024-04-22,Like
72887,2612,7712,2024-04-22,Like
72887,5808,7712,2024-04-22,Like
72887,4551,7712,2024-04-22,Like
72887,3966,7712,2024-04-22,Dislike
72887,4601,7712,2024-04-22,Like
239187,95,68,2024-09-26,Dislike
239187,847,68,2024-09-26,Like
239187,9147,68,2024-09-26,Like
239187,9686,68,2024-09-26,Like
239187,5446,68,2024-09-26,Like
239187,1528,68,2024-09-26,Dislike
239187,8419,68,2024-09-26,Like
217748,9758,8817,2024-11-06,Like
217748,3581,8817,2024-11-06,Dislike
217748,592,8817,2024-11-06,Like
217748,1491,8817,2024-11-06,Like
217748,6268,8817,2024-11-06,Like
217748,9388,8817,2024-11-06,Like
217748,8774,8817,2024-11-06,Like
170044,7949,5927,2024-01-20,Dislike
170044,2550,5927,2024-01-20,Like
170044,6162,5927,2024-01-20,Like
170044,9816,5927,2024-01-20,Like
1249,2536,9234,2024-06-21,Like
1249,8093,9234,2024-06-21,Like
1249,7451,9234,2024-06-21,Dislike
1249,5867,9234,2024-06-21,Like
42594,1964,3331,2024-03-28,Dislike
42594,7554,3331,2024-03-28,Like
42594,6726,3331,2024-03-28,Dislike
42594,5402,3331,2024-03-28,Dislike
42594,404,3331,2024-03-28,Like
42594,3013,3331,2024-03-28,Like
121945,9720,6743,2024-07-20,Like
121945,502,6743,2024-07-20,Like
121945,4874,6743,2024-07-20,Like
121945,3850,6743,2024-07-20,Like
121945,5913,6743,2024-07-20,Like
121945,8881,6743,2024-07-20,Dislike
35240,5484,1633,2024-07-19,Like
35240,339,1633,2024-07-19,Like
35240,4525,1633,2024-07-19,Dislike
35240,1153,1633,2024-07-19,Like
35240,7537,1633,2024-07-19,Like
35240,7309,1633,2024-07-19,Dislike
215982,2652,6974,2024-12-24,Like
215982,4994,6974,2024-12-24,Like
215982,5261,6974,2024-12-24,Like
64378,8812,7883,2024-09-24,Like
64378,745,7883,2024-09-24,Like
64378,2465,7883,2024-09-24,Dislike
64378,5950,7883,2024-09-24,Like
64378,1037,7883,2024-09-24,Like
164298,2636,7775,2024-03-08,Like
164298,1340,7775,2024-03-08,Like
164298,2318,7775,2024-03-08,Dislike
164298,2476,7775,2024-03-08,Dislike
164298,3742,7775,2024-03-08,Like
164298,9861,7775,2024-03-08,Like
174204,2536,1783,2024-09-19,Dislike
174204,37,1783,2024-09-19,Like
293841,8914,3824,2024-05-27,Dislike
293841,1884,3824,2024-05-27,Like
293841,435,3824,2024-05-27,Like
293841,8916,3824,2024-05-27,Like
293841,7022,3824,2024-05-27,Dislike
293841,1088,3824,2024-05-27,Dislike
293841,2776,3824,2024-05-27,Dislike
168288,304,5525,2024-05-17,Like
168288,6222,5525,2024-05-17,Like
168288,7672,5525,2024-05-17,Like
168288,8992,5525,2024-05-17,Like
168288,5544,5525,2024-05-17,Like
119678,8596,609,2024-09-05,Dislike
119678,5444,609,2024-09-05,Dislike
119678,4656,609,2024-09-05,Dislike
119678,6292,609,2024-09-05,Like
119678,3759,609,2024-09-05,Like
119678,1072,609,2024-09-05,Like
245500,8508,7383,2024-07-30,Like
245500,7606,7383,2024-07-30,Like
245500,354,7383,2024-07-30,Like
245500,5954,7383,2024-07-30,Dislike
245500,6274,7383,2024-07-30,Like
245500,4123,7383,2024-07-30,Like
171530,7186,990,2024-12-27,Like
171530,4798,990,2024-12-27,Like
82141,9143,8445,2024-10-31,Dislike
82141,7137,8445,2024-10-31,Like
82141,1845,8445,2024-10-31,Like
82141,3243,8445,2024-10-31,Like
82141,9678,8445,2024-10-31,Like
82141,1621,8445,2024-10-31,Dislike
244706,7091,2410,2024-11-03,Like
244706,5272,2410,2024-11-03,Like
130783,9312,708,2024-03-03,Like
130783,3420,708,2024-03-03,Dislike
130783,4921,708,2024-03-03,Like
85663,1038,93,2024-05-29,Dislike
85663,2278,93,2024-05-29,Dislike
85663,2270,93,2024-05-29,Dislike
85663,6208,93,2024-05-29,Like
85663,4664,93,2024-05-29,Like
85663,3608,93,2024-05-29,Dislike
85663,1556,93,2024-05-29,Like
73890,9331,2155,2024-12-30,Like
73890,9808,2155,2024-12-30,Like
73890,3913,2155,2024-12-30,Dislike
270058,4748,7282,2024-06-29,Like
270058,3819,7282,2024-06-29,Like
270058,1361,7282,2024-06-29,Like
270058,6691,7282,2024-06-29,Dislike
270058,705,7282,2024-06-29,Like
9796,5504,849,2024-05-02,Like
9796,4101,849,2024-05-02,Like
9796,1074,849,2024-05-02,Dislike
9796,3680,849,2024-05-02,Like
63695,2264,4644,2024-04-17,Like
63695,9483,4644,2024-04-17,Like
63695,7953,4644,2024-04-17,Like
63695,8107,4644,2024-04-17,Dislike
63695,9097,4644,2024-04-17,Dislike
63695,6490,4644,2024-04-17,Like
63695,5982,4644,2024-04-17,Dislike
10846,3066,1461,2024-12-06,Like
10846,8192,1461,2024-12-06,Like
10846,9263,1461,2024-12-06,Dislike
10846,3258,1461,2024-12-06,Like
10846,3408,1461,2024-12-06,Dislike
10846,6593,1461,2024-12-06,Like
43175,9598,2033,2024-06-14,Like
43175,2992,2033,2024-06-14,Dislike
43175,6391,2033,2024-06-14,Like
152070,751,6957,2024-12-12,Like
152070,6712,6957,2024-12-12,Like
152070,7761,6957,2024-12-12,Like
152070,3403,6957,2024-12-12,Like
100369,4372,2028,2024-06-18,Dislike
100369,4120,2028,2024-06-18,Like
44912,9362,5963,2024-08-20,Like
44912,380,5963,2024-08-20,Like
44912,3271,5963,2024-08-20,Like
44912,2004,5963,2024-08-20,Like
175509,8473,866,2024-06-27,Like
175509,9185,866,2024-06-27,Dislike
106735,3563,3023,2024-05-29,Dislike
106735,5783,3023,2024-05-29,Dislike
106735,793,3023,2024-05-29,Like
13565,4676,69,2024-05-30,Like
13565,6716,69,2024-05-30,Like
13565,5773,69,2024-05-30,Like
67532,2050,9258,2024-01-02,Dislike
67532,2087,9258,2024-01-02,Like
189255,1183,9414,2024-01-28,Like
189255,9358,9414,2024-01-28,Dislike
189255,1827,9414,2024-01-28,Like
189255,8136,9414,2024-01-28,Like
94792,2510,2241,2024-01-14,Like
94792,1772,2241,2024-01-14,Like
94792,216,2241,2024-01-14,Like
94792,9232,2241,2024-01-14,Like
94792,7300,2241,2024-01-14,Like
165137,7527,170,2024-05-07,Like
165137,3426,170,2024-05-07,Dislike
173387,5710,2246,2024-06-28,Like
173387,8093,2246,2024-06-28,Like
173387,3484,2246,2024-06-28,Like
173387,7718,2246,2024-06-28,Like
17396,6957,6509,2024-08-30,Dislike
17396,7297,6509,2024-08-30,Like
17396,4655,6509,2024-08-30,Like
17396,389,6509,2024-08-30,Like
17396,2967,6509,2024-08-30,Like
17396,8791,6509,2024-08-30,Like
17396,7365,6509,2024-08-30,Like
275710,2945,3867,2024-01-21,Like
275710,2081,3867,2024-01-21,Dislike
275710,2766,3867,2024-01-21,Dislike
275710,7447,3867,2024-01-21,Like
275710,1626,3867,2024-01-21,Dislike
172162,2488,568,2024-05-24,Dislike
172162,5101,568,2024-05-24,Dislike
172162,6869,568,2024-05-24,Like
172162,1176,568,2024-05-24,Like
172162,8570,568,2024-05-24,Like
172162,8236,568,2024-05-24,Dislike
172162,3245,568,2024-05-24,Dislike
149185,8317,1621,2024-08-29,Like
149185,3457,1621,2024-08-29,Like
149185,8862,1621,2024-08-29,Like
149185,1410,1621,2024-08-29,Like
149185,3251,1621,2024-08-29,Like
149185,3038,1621,2024-08-29,Like
149185,6368,1621,2024-08-29,Like
112369,3746,4558,2024-06-07,Dislike
112369,1336,4558,2024-06-07,Like
154657,924,2466,2024-10-05,Dislike
154657,5925,2466,2024-10-05,Dislike
55055,1658,9469,2024-09-19,Dislike
55055,7783,9469,2024-09-19,Like
55055,4977,9469,2024-09-19,Like
55055,1672,9469,2024-09-19,Like
55055,1890,9469,2024-09-19,Like
55055,6550,9469,2024-09-19,Dislike
55055,5846,9469,2024-09-19,Dislike
27197,3560,7302,2024-05-26,Like
27197,1521,7302,2024-05-26,Like
27197,7423,7302,2024-05-26,Dislike
27197,3340,7302,2024-05-26,Like
230651,1563,6187,2024-01-07,Like
230651,9626,6187,2024-01-07,Like
204383,2619,1809,2024-04-06,Dislike
204383,3293,1809,2024-04-06,Like
204383,9959,1809,2024-04-06,Dislike
204383,4585,1809,2024-04-06,Like
8647,9235,4647,2024-01-27,Like
8647,2931,4647,2024-01-27,Like
8647,8806,4647,2024-01-27,Like
8647,8320,4647,2024-01-27,Dislike
8647,3855,4647,2024-01-27,Like
178890,5315,2587,2024-08-08,Dislike
178890,4916,2587,2024-08-08,Like
222310,5176,3630,2024-05-09,Dislike
222310,8865,3630,2024-05-09,Like
222310,1669,3630,2024-05-09,Like
222310,256,3630,2024-05-09,Like
222310,2340,3630,2024-05-09,Dislike
161128,5157,5325,2024-04-24,Like
161128,5407,5325,2024-04-24,Like
161128,1917,5325,2024-04-24,Like
161128,1607,5325,2024-04-24,Like
63856,1120,5182,2024-02-20,Like
63856,3068,5182,2024-02-20,Like
63856,4478,5182,2024-02-20,Like
63856,667,5182,2024-02-20,Dislike
63856,3731,5182,2024-02-20,Dislike
63856,4440,5182,2024-02-20,Like
279285,9832,4240,2024-05-30,Like
279285,994,4240,2024-05-30,Dislike
279285,2581,4240,2024-05-30,Like
279285,7120,4240,2024-05-30,Like
279285,6657,4240,2024-05-30,Dislike
279285,8356,4240,2024-05-30,Like
232281,1768,4565,2024-05-04,Like
232281,7954,4565,2024-05-04,Like
232281,6195,4565,2024-05-04,Like
232281,2177,4565,2024-05-04,Like
232281,898,4565,2024-05-04,Like
232281,7936,4565,2024-05-04,Dislike
232281,9089,4565,2024-05-04,Like
33443,7176,7655,2024-07-23,Dislike
33443,5716,7655,2024-07-23,Like
229331,9019,8145,2024-09-23,Like
229331,933,8145,2024-09-23,Dislike
229331,8255,8145,2024-09-23,Dislike
229331,1944,8145,2024-09-23,Like
229331,3042,8145,2024-09-23,Like
229331,6096,8145,2024-09-23,Dislike
126442,5123,3878,2024-11-09,Dislike
126442,7902,3878,2024-11-09,Like
126442,3851,3878,2024-11-09,Like
126442,6357,3878,2024-11-09,Like
75885,6322,2576,2024-06-10,Dislike
75885,3677,2576,2024-06-10,Like
75885,6907,2576,2024-06-10,Dislike
75885,8590,2576,2024-06-10,Dislike
75885,4235,2576,2024-06-10,Like
75885,6617,2576,2024-06-10,Like
52478,6149,2141,2024-11-10,Dislike
52478,1770,2141,2024-11-10,Dislike
52478,2916,2141,2024-11-10,Like
72380,7723,4192,2024-03-10,Like
72380,1182,4192,2024-03-10,Dislike
72380,572,4192,2024-03-10,Like
72380,9033,4192,2024-03-10,Like
72380,1213,4192,2024-03-10,Like
72380,4682,4192,2024-03-10,Like
72380,6257,4192,2024-03-10,Like
145472,4675,4427,2024-05-28,Like
145472,9473,4427,2024-05-28,Like
145472,9692,4427,2024-05-28,Like
145472,1809,4427,2024-05-28,Like
145472,9784,4427,2024-05-28,Dislike
145472,2983,4427,2024-05-28,Like
86490,7783,7227,2024-06-08,Like
86490,5846,7227,2024-06-08,Dislike
86490,5380,7227,2024-06-08,Like
86490,6248,7227,2024-06-08,Like
86490,4977,7227,2024-06-08,Like
86490,4519,7227,2024-06-08,Like
192612,2237,6279,2024-01-27,Like
192612,559,6279,2024-01-27,Dislike
192612,6247,6279,2024-01-27,Dislike
192612,1197,6279,2024-01-27,Dislike
192612,1908,6279,2024-01-27,Like
192612,755,6279,2024-01-27,Like
192612,1166,6279,2024-01-27,Like
171549,6558,6722,2024-12-05,Dislike
171549,7255,6722,2024-12-05,Like
171549,608,6722,2024-12-05,Like
171549,4386,6722,2024-12-05,Dislike
257793,1421,6103,2024-03-18,Like
257793,4078,6103,2024-03-18,Like
257793,951,6103,2024-03-18,Like
257793,4157,6103,2024-03-18,Dislike
257793,6647,6103,2024-03-18,Dislike
257793,1175,6103,2024-03-18,Like
257793,1775,6103,2024-03-18,Like
228968,760,8866,2024-05-06,Like
228968,8119,8866,2024-05-06,Like
228968,1191,8866,2024-05-06,Dislike
228968,1280,8866,2024-05-06,Like
228968,3010,8866,2024-05-06,Like
228968,1042,8866,2024-05-06,Like
228968,6935,8866,2024-05-06,Like
207170,6531,8893,2024-02-27,Like
207170,177,8893,2024-02-27,Like
207170,7892,8893,2024-02-27,Dislike
207170,2128,8893,2024-02-27,Like
207170,247,8893,2024-02-27,Like
214709,5388,8248,2024-11-02,Like
214709,3564,8248,2024-11-02,Dislike
214709,6597,8248,2024-11-02,Like
223154,4483,1822,2024-01-14,Like
223154,5054,1822,2024-01-14,Like
223154,6976,1822,2024-01-14,Like
223154,7029,1822,2024-01-14,Like
223154,768,1822,2024-01-14,Like
223154,6658,1822,2024-01-14,Dislike
204476,5290,5570,2024-10-13,Like
204476,1705,5570,2024-10-13,Like
12107,7257,9571,2024-08-16,Dislike
12107,2623,9571,2024-08-16,Dislike
12107,8392,9571,2024-08-16,Dislike
12107,3807,9571,2024-08-16,Like
12107,1898,9571,2024-08-16,Like
9396,3614,2709,2024-10-09,Like
9396,8972,2709,2024-10-09,Like
9396,8310,2709,2024-10-09,Like
9396,6694,2709,2024-10-09,Like
67489,873,6114,2024-01-05,Dislike
67489,987,6114,2024-01-05,Like
67489,1023,6114,2024-01-05,Dislike
67489,1813,6114,2024-01-05,Dislike
67489,45,6114,2024-01-05,Like
182232,3029,9783,2024-12-04,Like
182232,3807,9783,2024-12-04,Like
182232,1898,9783,2024-12-04,Like
182232,8392,9783,2024-12-04,Like
182232,2623,9783,2024-12-04,Like
265016,2321,3484,2024-09-13,Like
265016,3595,3484,2024-09-13,Like
265016,2444,3484,2024-09-13,Like
265016,364,3484,2024-09-13,Like
22639,703,2579,2024-02-26,Dislike
22639,1466,2579,2024-02-26,Like
22639,1751,2579,2024-02-26,Dislike
22639,7867,2579,2024-02-26,Like
28223,6595,8653,2024-12-06,Like
28223,9335,8653,2024-12-06,Dislike
84556,5509,1462,2024-06-30,Like
84556,789,1462,2024-06-30,Like
84556,8546,1462,2024-06-30,Like
84556,845,1462,2024-06-30,Like
84045,2318,8579,2024-10-01,Like
84045,1935,8579,2024-10-01,Like
84045,9861,8579,2024-10-01,Like
84045,6386,8579,2024-10-01,Dislike
84045,7983,8579,2024-10-01,Dislike
70331,6491,1769,2024-05-21,Dislike
70331,5042,1769,2024-05-21,Like
70331,8883,1769,2024-05-21,Like
70331,2349,1769,2024-05-21,Like
70331,1225,1769,2024-05-21,Like
145354,5165,4841,2024-02-17,Like